username,user id,access hash,name,group,group id
EzNur,42020292,-4658807211521364357,Nur Ezzati Zulkifli,PCMB ‚ù§Ô∏è LOVER'S 11th...,1512896395
,69683609,-8795001761641289420,zahraa daod,PCMB ‚ù§Ô∏è LOVER'S 11th...,1512896395
yaar_13_badmas,2145537564,-2937561202201655329,anku yadav,PCMB ‚ù§Ô∏è LOVER'S 11th...,1512896395
Prashant_27_7,1763240953,-6298320140163773361,Prashant Yadav,PCMB ‚ù§Ô∏è LOVER'S 11th...,1512896395
,117986672,-7723331735019044477,Yadhav Silankotuwar,PCMB ‚ù§Ô∏è LOVER'S 11th...,1512896395
uSiF9,161381391,1275460961941759768,Yousif AL-3ani,PCMB ‚ù§Ô∏è LOVER'S 11th...,1512896395
Yaariyana143,1252640732,8507275095960785814,Khoti,PCMB ‚ù§Ô∏è LOVER'S 11th...,1512896395
ItsTotallyDifferent,921945870,4332477820258021220,Harsh Yadav ü§ì‚úå,PCMB ‚ù§Ô∏è LOVER'S 11th...,1512896395
amulya_ydv,994036358,-682850904935306137,Amulya,PCMB ‚ù§Ô∏è LOVER'S 11th...,1512896395
Senku_Yadav,891358789,-4047107500418433961,Vishal Yaduvanshiii,PCMB ‚ù§Ô∏è LOVER'S 11th...,1512896395
,802012992,152534484237721250,Shailendra Yadav,PCMB ‚ù§Ô∏è LOVER'S 11th...,1512896395
,794782362,3765420914108196897,Yaseen Khan,PCMB ‚ù§Ô∏è LOVER'S 11th...,1512896395
,542946721,6401638452522635311,harinand01051989@gmail.com Yadav,PCMB ‚ù§Ô∏è LOVER'S 11th...,1512896395
,1009224759,2908862873509096206,RK YADAV,PCMB ‚ù§Ô∏è LOVER'S 11th...,1512896395
Atno_54,2077244735,-656303657640172709,ùñéùñìùñäùñóùñô ùñéùñìùñòùñÜùñÜùñì(ùñùùñäùñìùñîùñì),PCMB ‚ù§Ô∏è LOVER'S 11th...,1512896395
,312596953,-1300716194330594052,devki waskel,PCMB ‚ù§Ô∏è LOVER'S 11th...,1512896395
waxxi,75753266,-732985999837192067,AJ,PCMB ‚ù§Ô∏è LOVER'S 11th...,1512896395
Wanda1515,1778420866,-2806122066566515907,Shobha,PCMB ‚ù§Ô∏è LOVER'S 11th...,1512896395
UnsupportedUser64Bot,1926801217,-3195129110744859668,Unsupported User,PCMB ‚ù§Ô∏è LOVER'S 11th...,1512896395
,1419115130,-8262264710016684232,Niyati Verma,PCMB ‚ù§Ô∏è LOVER'S 11th...,1512896395
Keshri_vani,966725887,-5865819899901981217,Vani keshri,PCMB ‚ù§Ô∏è LOVER'S 11th...,1512896395
uddeshya15,915332643,-4770609818440030591,Varun,PCMB ‚ù§Ô∏è LOVER'S 11th...,1512896395
mohitisv1backupleft,2127985971,606213270235830953,MV1TI_ v1_EYES,PCMB ‚ù§Ô∏è LOVER'S 11th...,1512896395
,532786595,-2786616218729612655,Vishal Solanki,PCMB ‚ù§Ô∏è LOVER'S 11th...,1512896395
,1000593491,-5748636353977466861,SHIVAM VATS,PCMB ‚ù§Ô∏è LOVER'S 11th...,1512896395
,44212956,3768835226211918197,Vijaylaxmi,PCMB ‚ù§Ô∏è LOVER'S 11th...,1512896395
fallinlovewithmaths,804819010,-6629309750884750914,Vishv‡§®‡§æ‡§• ‡§ï‡•Å‡§ÆR 1-13648,PCMB ‚ù§Ô∏è LOVER'S 11th...,1512896395
,695299047,-7071404593210798436,Khan Vakeel,PCMB ‚ù§Ô∏è LOVER'S 11th...,1512896395
,1394818140,-8194572058932712740,Vikings,PCMB ‚ù§Ô∏è LOVER'S 11th...,1512896395
vignesh_doc,240783675,-6768280722056530974,Vigneshwaran Loganathan,PCMB ‚ù§Ô∏è LOVER'S 11th...,1512896395
,779465709,-8110293497041186665,@Vishnu Kumar9433,PCMB ‚ù§Ô∏è LOVER'S 11th...,1512896395
vinodchou,738892813,3398983252042268693,Innocent üòá,PCMB ‚ù§Ô∏è LOVER'S 11th...,1512896395
varun_varuny,976427673,-2757048141947430029,varun,PCMB ‚ù§Ô∏è LOVER'S 11th...,1512896395
,1174288088,-5704476745142874362,Muskan vijay.,PCMB ‚ù§Ô∏è LOVER'S 11th...,1512896395
,987481422,-4937223809683974922,ajay verma,PCMB ‚ù§Ô∏è LOVER'S 11th...,1512896395
Vizagwaiting,517154254,-3726077970701769874,üêáüêáüêáüêá,PCMB ‚ù§Ô∏è LOVER'S 11th...,1512896395
,1909983267,-8263200922911672321,Vaidehi,PCMB ‚ù§Ô∏è LOVER'S 11th...,1512896395
,1081444692,-8810659561008580138,Abhinav upadhyay,PCMB ‚ù§Ô∏è LOVER'S 11th...,1512896395
Unknown_057,1060635800,8217873647283210300,Harsh_00007800188,PCMB ‚ù§Ô∏è LOVER'S 11th...,1512896395
,576198563,7693117908773214129,Pankaj Upadhyay,PCMB ‚ù§Ô∏è LOVER'S 11th...,1512896395
Unknown00123,1996250668,-7898498624955190120,ùôøùöõùöäùöóùöìùöäùöï ùöúùöíùöóùöêùöë,PCMB ‚ù§Ô∏è LOVER'S 11th...,1512896395
Omairu,1274004299,6780337683204263751,Umair,PCMB ‚ù§Ô∏è LOVER'S 11th...,1512896395
Dr_UsamaAbdullah,194034761,-2341069829649511854,U A,PCMB ‚ù§Ô∏è LOVER'S 11th...,1512896395
,806800769,-8357929994881235793,U Unknown,PCMB ‚ù§Ô∏è LOVER'S 11th...,1512896395
PiNtu_07,997250818,-5784867127763702146,P ! N t u,PCMB ‚ù§Ô∏è LOVER'S 11th...,1512896395
,752368187,-4692774504760660831,Upendra Prajapati,PCMB ‚ù§Ô∏è LOVER'S 11th...,1512896395
,1613800953,6484976910620245345,Tripti Upadhyay,PCMB ‚ù§Ô∏è LOVER'S 11th...,1512896395
,969088190,-5862054170897155386,Krishankant(Kk) Upadhyay 2023,PCMB ‚ù§Ô∏è LOVER'S 11th...,1512896395
Eva_the_fireball,2121780336,-1823116279450203881,Í´ÄÍ™úÍ™ñ,PCMB ‚ù§Ô∏è LOVER'S 11th...,1512896395
BXImageToPDFBot,1945530445,-3965283389299892152,Images To PDF Bot,PCMB ‚ù§Ô∏è LOVER'S 11th...,1512896395
IAS_Sanskardeep,1936827769,-8189389246160865762,IAS Sanskardeep Talikote,PCMB ‚ù§Ô∏è LOVER'S 11th...,1512896395
SR_The_incognito_Astitva,1720108824,1766366222209321149,Summi Raj,PCMB ‚ù§Ô∏è LOVER'S 11th...,1512896395
dumjiz,24886620,-8412337400394561212,Dumani Tomas,PCMB ‚ù§Ô∏è LOVER'S 11th...,1512896395
TheGOD1111,53591384,4505086537304019565,Mustafa Al-Ahmer,PCMB ‚ù§Ô∏è LOVER'S 11th...,1512896395
Edenab,357219691,-5779466695683253307,Edenab Tesf,PCMB ‚ù§Ô∏è LOVER'S 11th...,1512896395
,574379931,7683370053513120982,tiger,PCMB ‚ù§Ô∏è LOVER'S 11th...,1512896395
,631934310,-4916437226607062564,Tinku Tinku,PCMB ‚ù§Ô∏è LOVER'S 11th...,1512896395
,1694289594,-69954852790531749,Tinku,PCMB ‚ù§Ô∏è LOVER'S 11th...,1512896395
Tanmay_sony,736618088,7942548544043802374,ùì£ùì™ùì∑ùì∂ùì™ùîÇ ùìºùì∏ùì∑ùîÇ,PCMB ‚ù§Ô∏è LOVER'S 11th...,1512896395
nsbattlion,886832267,3884014539280725530,ravinder Tyagi,PCMB ‚ù§Ô∏è LOVER'S 11th...,1512896395
TYLER_RAKE_a_tangled_Mercenary,890016485,1099233737665775106,Rajdeep Bose,PCMB ‚ù§Ô∏è LOVER'S 11th...,1512896395
livehappywithmom,1743034886,-6859163547396547849,üíïTejaswiniüíï,PCMB ‚ù§Ô∏è LOVER'S 11th...,1512896395
Ops_Ali,36601221,8388144036770921881,The Skipper,PCMB ‚ù§Ô∏è LOVER'S 11th...,1512896395
E_S_K_O_R_T,58699075,-8807339193794215896,Pr1thvi Siva,PCMB ‚ù§Ô∏è LOVER'S 11th...,1512896395
Antilinkbot_robots,989903405,-7341420459214495481,Aytan Tauqi,PCMB ‚ù§Ô∏è LOVER'S 11th...,1512896395
AryanTiwari122,1090587570,-7679798903658465993,Aryan Tiwari,PCMB ‚ù§Ô∏è LOVER'S 11th...,1512896395
,1453295116,5345175604871506426,Shailesh Tiwari,PCMB ‚ù§Ô∏è LOVER'S 11th...,1512896395
FLASHXDDDDD,1897807173,4136250988082286375,THE FLASH,PCMB ‚ù§Ô∏è LOVER'S 11th...,1512896395
,1124116742,2985982524367783670,Tripti Snehi,PCMB ‚ù§Ô∏è LOVER'S 11th...,1512896395
,1717802998,-2226904608479784555,Abhay Tripathi,PCMB ‚ù§Ô∏è LOVER'S 11th...,1512896395
,452887943,7714497430226161531,Tarushi,PCMB ‚ù§Ô∏è LOVER'S 11th...,1512896395
,756772647,771894163685234003,21107_Akshay Thakur,PCMB ‚ù§Ô∏è LOVER'S 11th...,1512896395
TheLegendboyAbhishek,1160207731,-3424711441451830430,The Legend boy Abhishek Kumar,PCMB ‚ù§Ô∏è LOVER'S 11th...,1512896395
Candycrush06,1966307795,8817472135963519496,Trisha Raj,PCMB ‚ù§Ô∏è LOVER'S 11th...,1512896395
,1006715287,-8933514741423825104,Twinkle,PCMB ‚ù§Ô∏è LOVER'S 11th...,1512896395
Teja023,773005809,-6952514305523018213,Tejas,PCMB ‚ù§Ô∏è LOVER'S 11th...,1512896395
Trisha1345,1932273591,1228533141077052651,TRISHA,PCMB ‚ù§Ô∏è LOVER'S 11th...,1512896395
sayantani_06,1644053964,6061682045326309307,TANI,PCMB ‚ù§Ô∏è LOVER'S 11th...,1512896395
,1932154679,1231251444015223385,‚ù§Tripti‚ù§,PCMB ‚ù§Ô∏è LOVER'S 11th...,1512896395
,2003796455,-6235457044578248811,Shivaansh Pandey,PCMB ‚ù§Ô∏è LOVER'S 11th...,1512896395
,2112821398,-4258077924921452630,Priyanshu Shrivastav,PCMB ‚ù§Ô∏è LOVER'S 11th...,1512896395
sparkly_blossom,2069503725,3469482683365753420,Stanley,PCMB ‚ù§Ô∏è LOVER'S 11th...,1512896395
,922526249,-3185210267719666555,Krish Singh,PCMB ‚ù§Ô∏è LOVER'S 11th...,1512896395
,925284784,-2297207987534800069,Lakshay Seervi,PCMB ‚ù§Ô∏è LOVER'S 11th...,1512896395
,1218464882,2243360600076522232,Shubhankar Mishra,PCMB ‚ù§Ô∏è LOVER'S 11th...,1512896395
,963682213,8144571961139333099,Sthitapragyan Mohanty,PCMB ‚ù§Ô∏è LOVER'S 11th...,1512896395
,1223306434,2489859252788542621,SHIVANGI,PCMB ‚ù§Ô∏è LOVER'S 11th...,1512896395
,984693875,-8384747358064420334,Satyajeet Das,PCMB ‚ù§Ô∏è LOVER'S 11th...,1512896395
,1348373871,1931648406277035813,Anshu Singh,PCMB ‚ù§Ô∏è LOVER'S 11th...,1512896395
,1582527014,-1897693494920659442,Samreen,PCMB ‚ù§Ô∏è LOVER'S 11th...,1512896395
,184353848,-2537968921669737476,Soran. Daii,PCMB ‚ù§Ô∏è LOVER'S 11th...,1512896395
,529457348,-2982344182851290923,Shubh,PCMB ‚ù§Ô∏è LOVER'S 11th...,1512896395
,531284542,-5689775696244872046,Shubham,PCMB ‚ù§Ô∏è LOVER'S 11th...,1512896395
Kundrao,554319179,494228594976507272,S k,PCMB ‚ù§Ô∏è LOVER'S 11th...,1512896395
,1273978105,-1799288624723216359,Anuska sen,PCMB ‚ù§Ô∏è LOVER'S 11th...,1512896395
,356328869,-3028473914985033738,G Subrahmanya Moorthy,PCMB ‚ù§Ô∏è LOVER'S 11th...,1512896395
rehansoni,403852083,-8827928710292330013,Rehan Soni,PCMB ‚ù§Ô∏è LOVER'S 11th...,1512896395
,404451822,39017706904102254,Saakshi Lokhande,PCMB ‚ù§Ô∏è LOVER'S 11th...,1512896395
,474664349,-3303523978525675790,Shivam Srivastav,PCMB ‚ù§Ô∏è LOVER'S 11th...,1512896395
shilpayaduvanshi,507444938,-2482751698798030984,shilpa,PCMB ‚ù§Ô∏è LOVER'S 11th...,1512896395
,524916429,8578872808181972794,ss,PCMB ‚ù§Ô∏è LOVER'S 11th...,1512896395
lalitrwt98,540208417,6040150944938853234,Lalit Sharma,PCMB ‚ù§Ô∏è LOVER'S 11th...,1512896395
,564024767,-1842518840873300566,Kishan Shekh,PCMB ‚ù§Ô∏è LOVER'S 11th...,1512896395
,599123351,-4054182349130709576,Shivaji Kawtikwar,PCMB ‚ù§Ô∏è LOVER'S 11th...,1512896395
Ananyasingh007,625563094,8194067255529454275,Ananya Singh,PCMB ‚ù§Ô∏è LOVER'S 11th...,1512896395
,628076937,2265521273157420350,D@S Meghwal,PCMB ‚ù§Ô∏è LOVER'S 11th...,1512896395
ShivamParmar555,635122131,-4781525784803291349,ùïæùñçùñéùñõùñÜùñí ùïªùñÜùñóùñíùñÜùñó,PCMB ‚ù§Ô∏è LOVER'S 11th...,1512896395
,662940564,-7893318848443034961,Dinesh Sahu,PCMB ‚ù§Ô∏è LOVER'S 11th...,1512896395
Puja08,708141802,3777213400414844975,SherniüêØ Puja‚ù§,PCMB ‚ù§Ô∏è LOVER'S 11th...,1512896395
Shaitanlonda0099,712691826,-7009877180240774773,Sachin Kumar,PCMB ‚ù§Ô∏è LOVER'S 11th...,1512896395
,721905036,5511247080729621631,Sukuna,PCMB ‚ù§Ô∏è LOVER'S 11th...,1512896395
,1222918331,3995242438263061479,Ammu Shivalli,PCMB ‚ù§Ô∏è LOVER'S 11th...,1512896395
IAMsingle143,1934711251,1612169799846431079,Ankur Singh,PCMB ‚ù§Ô∏è LOVER'S 11th...,1512896395
,1750491883,8063505251292577800,Nidhi Sharnagat,PCMB ‚ù§Ô∏è LOVER'S 11th...,1512896395
Chirag_singh7117,1993591126,-1223975214696449443,mr.Chirag singh,PCMB ‚ù§Ô∏è LOVER'S 11th...,1512896395
stfuanika,1194206839,-3603578063704673458,Anika,PCMB ‚ù§Ô∏è LOVER'S 11th...,1512896395
,829862700,9141405140103305505,Shivam Pandey,PCMB ‚ù§Ô∏è LOVER'S 11th...,1512896395
,861830612,3570552012947457432,Shivansh Gupta,PCMB ‚ù§Ô∏è LOVER'S 11th...,1512896395
,868936179,-8464685736619989303,Amal singh chahar,PCMB ‚ù§Ô∏è LOVER'S 11th...,1512896395
,2130245521,3449915676407551857,Sanika Gujar,PCMB ‚ù§Ô∏è LOVER'S 11th...,1512896395
,2141618646,7834670389160309846,"Sonia ""(Svn)""",PCMB ‚ù§Ô∏è LOVER'S 11th...,1512896395
,1704018082,6494065575642337143,Muskan Singh,PCMB ‚ù§Ô∏è LOVER'S 11th...,1512896395
Atul_Sanit_Aditya,937029532,1383698183630698947,Atul,PCMB ‚ù§Ô∏è LOVER'S 11th...,1512896395
,1396877014,-1439694962842434055,Abdul Shaikh,PCMB ‚ù§Ô∏è LOVER'S 11th...,1512896395
,819409955,-5312347362965395879,Sac J,PCMB ‚ù§Ô∏è LOVER'S 11th...,1512896395
Ritu_shri,743662259,6412299547756903174,ùïΩùñéùñôùñö ùïæùñóùñéùñõùñÜùñòùñôùñÜùñõùñÜ,PCMB ‚ù§Ô∏è LOVER'S 11th...,1512896395
,845603194,2389255622794805885,saurajyoti das,PCMB ‚ù§Ô∏è LOVER'S 11th...,1512896395
,911127695,8778562925418527983,Shubhangi Sharma,PCMB ‚ù§Ô∏è LOVER'S 11th...,1512896395
,975519808,8803537232994201029,Shiva Kumar,PCMB ‚ù§Ô∏è LOVER'S 11th...,1512896395
PS6101,1008545083,759328495756579905,Priyanshu Sourabh,PCMB ‚ù§Ô∏è LOVER'S 11th...,1512896395
,1473828377,-14013230817415999,Aryan Singh,PCMB ‚ù§Ô∏è LOVER'S 11th...,1512896395
mohan575,1323253279,-3714750836318593037,MOHAN SINGH BHADAURIA,PCMB ‚ù§Ô∏è LOVER'S 11th...,1512896395
SCharsadvi,9895635,4192704310108090310,S 1,PCMB ‚ù§Ô∏è LOVER'S 11th...,1512896395
Sameer294FRZ,39288435,2396103494221967459,Sam294,PCMB ‚ù§Ô∏è LOVER'S 11th...,1512896395
,51941699,-8991248854664178313,Abdus Salam,PCMB ‚ù§Ô∏è LOVER'S 11th...,1512896395
japhar,53867642,-5941083699968059062,Japhar Shaikh,PCMB ‚ù§Ô∏è LOVER'S 11th...,1512896395
,57237777,7127251917210940710,Ankur Solanki,PCMB ‚ù§Ô∏è LOVER'S 11th...,1512896395
subhi,72326989,-1704441848335470916,Subhi _m_,PCMB ‚ù§Ô∏è LOVER'S 11th...,1512896395
,1249267556,7673376936055976395,Shoyeb,PCMB ‚ù§Ô∏è LOVER'S 11th...,1512896395
,1581759507,-8387406221668313160,It's Abhishek,PCMB ‚ù§Ô∏è LOVER'S 11th...,1512896395
,823700964,3246457651834298706,Rahul Sharma,PCMB ‚ù§Ô∏è LOVER'S 11th...,1512896395
Sri272005,1273682427,-8101767580625520520,Chandana ji,PCMB ‚ù§Ô∏è LOVER'S 11th...,1512896395
ROCKY_Alpha,225100171,-5202098500759851750,Shubham Parashar,PCMB ‚ù§Ô∏è LOVER'S 11th...,1512896395
Abdu326,400587253,-2861994202753005383,Suleiman,PCMB ‚ù§Ô∏è LOVER'S 11th...,1512896395
,625940231,7605021388178457900,Abhishek Sharma,PCMB ‚ù§Ô∏è LOVER'S 11th...,1512896395
SAMIRKUMARJEE2022,706306947,-8938372484154161324,SAMIR KUMAR,PCMB ‚ù§Ô∏è LOVER'S 11th...,1512896395
,620666609,8239269533984995275,Indrajeet Saroj,PCMB ‚ù§Ô∏è LOVER'S 11th...,1512896395
,621067931,9172476458832929843,Amir Sohail,PCMB ‚ù§Ô∏è LOVER'S 11th...,1512896395
,656697871,8386668820033658849,Rakesh S D,PCMB ‚ù§Ô∏è LOVER'S 11th...,1512896395
,746858097,8222829996766063300,Akash Sindhe,PCMB ‚ù§Ô∏è LOVER'S 11th...,1512896395
,793596801,5699959258271646320,Stalin,PCMB ‚ù§Ô∏è LOVER'S 11th...,1512896395
Shoisubh,813610399,-6840489829291200308,Mr. Subham,PCMB ‚ù§Ô∏è LOVER'S 11th...,1512896395
,820176594,-5843042592855346653,Sania Nasim,PCMB ‚ù§Ô∏è LOVER'S 11th...,1512896395
,1237543084,-2387763596654761077,Ankit Singh,PCMB ‚ù§Ô∏è LOVER'S 11th...,1512896395
,1457732463,3580854853430608087,Priya Shroff,PCMB ‚ù§Ô∏è LOVER'S 11th...,1512896395
,840560265,3571587934140827689,Mukesh Singh,PCMB ‚ù§Ô∏è LOVER'S 11th...,1512896395
,841667744,-7531015941554728343,Aryan Sharma,PCMB ‚ù§Ô∏è LOVER'S 11th...,1512896395
,666405516,-3275884035128141315,sanjana panda,PCMB ‚ù§Ô∏è LOVER'S 11th...,1512896395
,727984799,3548974976952893395,Sujal Modi,PCMB ‚ù§Ô∏è LOVER'S 11th...,1512896395
,780591810,2313431546846294003,Subhash Jat,PCMB ‚ù§Ô∏è LOVER'S 11th...,1512896395
,822192749,5632297766663715461,Sunita,PCMB ‚ù§Ô∏è LOVER'S 11th...,1512896395
,822947785,3903496432946039224,Samarth Shinde,PCMB ‚ù§Ô∏è LOVER'S 11th...,1512896395
,847225604,653269103647610119,Navjot sidhu,PCMB ‚ù§Ô∏è LOVER'S 11th...,1512896395
,877593641,7179455903351744592,Shubham,PCMB ‚ù§Ô∏è LOVER'S 11th...,1512896395
,885114848,5542055353113679966,Sahil Kumar,PCMB ‚ù§Ô∏è LOVER'S 11th...,1512896395
SangMataInfo_bot,461843263,-3814845424611384449,SangMata Info Bot,PCMB ‚ù§Ô∏è LOVER'S 11th...,1512896395
,1462615705,9193118397844484228,Akshat Soni,PCMB ‚ù§Ô∏è LOVER'S 11th...,1512896395
,1014097962,245734384567127088,Somya,PCMB ‚ù§Ô∏è LOVER'S 11th...,1512896395
,509675293,-2352032795624820421,Saransh Patel,PCMB ‚ù§Ô∏è LOVER'S 11th...,1512896395
,760498677,4529244021928807916,Dev Saha,PCMB ‚ù§Ô∏è LOVER'S 11th...,1512896395
,778254973,8649865911974110463,Md Sami,PCMB ‚ù§Ô∏è LOVER'S 11th...,1512896395
,555630228,-8844645957959438324,Srijan Chakraborty,PCMB ‚ù§Ô∏è LOVER'S 11th...,1512896395
,758621355,-4731453965763250730,smile Buddy,PCMB ‚ù§Ô∏è LOVER'S 11th...,1512896395
,1795733160,4689849942852349767,Saanavi Raj,PCMB ‚ù§Ô∏è LOVER'S 11th...,1512896395
RajnishGupta,845854738,-5001271917316743882,it's Rajnish,PCMB ‚ù§Ô∏è LOVER'S 11th...,1512896395
,939163163,-6747806802445320330,Soon boom com,PCMB ‚ù§Ô∏è LOVER'S 11th...,1512896395
swati_29_08,1781088034,-5615531902085954251,Swati,PCMB ‚ù§Ô∏è LOVER'S 11th...,1512896395
snehprabha,966798772,-8395029991867404674,sneh prabha prachi,PCMB ‚ù§Ô∏è LOVER'S 11th...,1512896395
,804157736,3617669331205623847,Shrutiüòä,PCMB ‚ù§Ô∏è LOVER'S 11th...,1512896395
,853477796,-3032728557413066637,KUMAR SAURAV,PCMB ‚ù§Ô∏è LOVER'S 11th...,1512896395
,1661584613,-4087341803970441313,saurabh Kumar,PCMB ‚ù§Ô∏è LOVER'S 11th...,1512896395
iaryanseth,519876566,5326850566412397860,Aryan Seth,PCMB ‚ù§Ô∏è LOVER'S 11th...,1512896395
,725209132,-2779801176821964882,Amit Sharma,PCMB ‚ù§Ô∏è LOVER'S 11th...,1512896395
Official_Devil3,946066190,-7916769122354193315,Abhishek Kumar Sinha,PCMB ‚ù§Ô∏è LOVER'S 11th...,1512896395
Soumyajit_Maji,866253999,-6679597645749247838,Soumyajit Maji,PCMB ‚ù§Ô∏è LOVER'S 11th...,1512896395
Kth2004,941442272,1263418676301614200,Shivangee Singh,PCMB ‚ù§Ô∏è LOVER'S 11th...,1512896395
Its_saumya78,969922501,-2855281067871659971,Saumya Singh,PCMB ‚ù§Ô∏è LOVER'S 11th...,1512896395
,1674392948,2557255268226473549,Saloni Gupta,PCMB ‚ù§Ô∏è LOVER'S 11th...,1512896395
Itzanshikasrivastava,1856370163,6257918461524419275,üíúùìêùì∑ùìºùì±ùì≤ùì¥ùì™ ùì¢ùìªùì≤ùìøùì™ùìºùìΩùì™ùìøùì™üíú,PCMB ‚ù§Ô∏è LOVER'S 11th...,1512896395
,1704204306,5565415330067970700,Saii Mishra,PCMB ‚ù§Ô∏è LOVER'S 11th...,1512896395
its_sanjar,1482724979,7530947665335079975,Sanjar,PCMB ‚ù§Ô∏è LOVER'S 11th...,1512896395
Sameerkumarmishra143,1230033343,7115591465545642604,samüòÅ,PCMB ‚ù§Ô∏è LOVER'S 11th...,1512896395
,1867955793,4949955455557792287,Shreya Singh,PCMB ‚ù§Ô∏è LOVER'S 11th...,1512896395
swetuu_m7,1739911695,-5188990427757126589,~Sweta~ Mishra,PCMB ‚ù§Ô∏è LOVER'S 11th...,1512896395
Rk_BParmy,1929844754,-9191643161867220717,‚ùñ ÄŒπùöú úœÖ ùöóùöäùöùùöë ùöîùöéùöúùöëùöõùöí‚ùñ‡•ê (RK),PCMB ‚ù§Ô∏è LOVER'S 11th...,1512896395
,2021905009,2526485534273666481,Ravi,PCMB ‚ù§Ô∏è LOVER'S 11th...,1512896395
,898188185,5304143494211923172,Apurv Raj,PCMB ‚ù§Ô∏è LOVER'S 11th...,1512896395
,2130192671,3994437629367940240,Ruhi,PCMB ‚ù§Ô∏è LOVER'S 11th...,1512896395
legend_gambler_rdx,1962346831,-1250435013084092022,‚Äô ‚ÄôÃµÕá ‚ñÑÔ∏ªÃ∑ ‚îª ‚ïê‚îÅ‰∏Äùìà‚Ñçùì≤ùïç‚í∂‚Ñïùìñùíæ‚ìÑ‚ïê‚ï¶‚ïó,PCMB ‚ù§Ô∏è LOVER'S 11th...,1512896395
mishra_rishi,1378664848,3582623504357403649,Rishi,PCMB ‚ù§Ô∏è LOVER'S 11th...,1512896395
MissRose_bot,609517172,8871591400603846703,Rose,PCMB ‚ù§Ô∏è LOVER'S 11th...,1512896395
,343906996,8285412468915740424,Rahul,PCMB ‚ù§Ô∏è LOVER'S 11th...,1512896395
RITES0,2145107452,-7968060366885430600, Ä…™·¥õ·¥áÍú± ú ·¥ç·¥Ä…¥·¥Ö·¥Ä ü,PCMB ‚ù§Ô∏è LOVER'S 11th...,1512896395
,1403024837,-4589781277851751140,Harish Raddi,PCMB ‚ù§Ô∏è LOVER'S 11th...,1512896395
,1465705769,2370981184433348846,Gagan Reddy,PCMB ‚ù§Ô∏è LOVER'S 11th...,1512896395
Rajkapoor_1226,814210737,8092383971504123828,Raj Kapoor,PCMB ‚ù§Ô∏è LOVER'S 11th...,1512896395
,860119291,-7683010132394254477,Mohit Raj,PCMB ‚ù§Ô∏è LOVER'S 11th...,1512896395
,1158317207,7673084517066521890,ùïΩùñéùñòùñçùñö üíñ,PCMB ‚ù§Ô∏è LOVER'S 11th...,1512896395
,950867810,7547418879580969068,Ritwik Mahaseth,PCMB ‚ù§Ô∏è LOVER'S 11th...,1512896395
,962759999,3621755211759057366,Riju Parua,PCMB ‚ù§Ô∏è LOVER'S 11th...,1512896395
Nabzz_r,948991410,-3387865315403811921,Nabzz,PCMB ‚ù§Ô∏è LOVER'S 11th...,1512896395
Im_Novice,30820121,2895720843066765418,Ramesh,PCMB ‚ù§Ô∏è LOVER'S 11th...,1512896395
,72257960,8213831923984682342,Prudhvi Raj,PCMB ‚ù§Ô∏è LOVER'S 11th...,1512896395
,1830929909,-5600751099723156737,Ruhi Roy,PCMB ‚ù§Ô∏è LOVER'S 11th...,1512896395
pgasp007,482452015,926954549871351055,Karthik B Raj,PCMB ‚ù§Ô∏è LOVER'S 11th...,1512896395
mr_rohit_3597,837060363,5383521928544271673,Rohit Ahire,PCMB ‚ù§Ô∏è LOVER'S 11th...,1512896395
,238456858,-6955175023668969944,Anand Raj,PCMB ‚ù§Ô∏è LOVER'S 11th...,1512896395
,330399643,-2735701257758906574,Rehmani Abdul Rashid,PCMB ‚ù§Ô∏è LOVER'S 11th...,1512896395
,383342180,-5232462359877128444,RAHUL PANDAV,PCMB ‚ù§Ô∏è LOVER'S 11th...,1512896395
,746030640,6970753885104400016,Rahil Hamza,PCMB ‚ù§Ô∏è LOVER'S 11th...,1512896395
,769571655,4950895104930807016,Rajanikant Chaudhary,PCMB ‚ù§Ô∏è LOVER'S 11th...,1512896395
,1784126631,7888004976648907616,Rahul Raj,PCMB ‚ù§Ô∏è LOVER'S 11th...,1512896395
,626280603,-7322146377213928605,RamRatan Kumar Balwant,PCMB ‚ù§Ô∏è LOVER'S 11th...,1512896395
,762830774,1517725087507225142,Mayur Rao,PCMB ‚ù§Ô∏è LOVER'S 11th...,1512896395
,404304619,-3578129142824827598,Rajarao Devarapalli,PCMB ‚ù§Ô∏è LOVER'S 11th...,1512896395
,564689657,6796219885648394883,Raj Mitra,PCMB ‚ù§Ô∏è LOVER'S 11th...,1512896395
Ridhii_28,1949560340,-401897712855019299,Ridhima Joshi,PCMB ‚ù§Ô∏è LOVER'S 11th...,1512896395
,916384488,2023631796054556392,rocky raj,PCMB ‚ù§Ô∏è LOVER'S 11th...,1512896395
,916618337,-8583911587540483175,Raj,PCMB ‚ù§Ô∏è LOVER'S 11th...,1512896395
,955848810,5052779140201648789,Prince Rajput,PCMB ‚ù§Ô∏è LOVER'S 11th...,1512896395
,957111710,1295217086474695785,RITVIK RAJ,PCMB ‚ù§Ô∏è LOVER'S 11th...,1512896395
,1019349961,-772803829374154001,Rupam Mishra,PCMB ‚ù§Ô∏è LOVER'S 11th...,1512896395
adityaraj36987,1654083946,6877205199267264780,Aditya Raj,PCMB ‚ù§Ô∏è LOVER'S 11th...,1512896395
,808399839,2424406573555502304,Adarsh Ranjan,PCMB ‚ù§Ô∏è LOVER'S 11th...,1512896395
,721974527,5653753813217850337,kishan ratnakar,PCMB ‚ù§Ô∏è LOVER'S 11th...,1512896395
rajta_129,757245319,2488266960630297232,Rajata R,PCMB ‚ù§Ô∏è LOVER'S 11th...,1512896395
,919957275,2601760476003161989,Aman Raj,PCMB ‚ù§Ô∏è LOVER'S 11th...,1512896395
LMAO_1111,1922522906,-7116118023039999092,ùôçùôÑùòæùôÜùôÜùôî √óÕú√ó,PCMB ‚ù§Ô∏è LOVER'S 11th...,1512896395
Btw_its_rudra,1393183916,-8029623406314855337,|| ‡§∞‡•Å ‡§¶‡•ç‡§∞‡§æ ||,PCMB ‚ù§Ô∏è LOVER'S 11th...,1512896395
,1239486797,-2909123075964925929,Aditya Ranjan,PCMB ‚ù§Ô∏è LOVER'S 11th...,1512896395
Preeti_queen,1403984022,-5695822744463360594,Preeti Agrawal,PCMB ‚ù§Ô∏è LOVER'S 11th...,1512896395
Agaz_Qureshi,775645948,-4336514323820552871,Agaz Qureshi,PCMB ‚ù§Ô∏è LOVER'S 11th...,1512896395
QuizBot,983000232,-431468488746302492,Quiz Bot,PCMB ‚ù§Ô∏è LOVER'S 11th...,1512896395
,1379843390,6524976196932669807,Priyanshi,PCMB ‚ù§Ô∏è LOVER'S 11th...,1512896395
Pretty_messed,890118200,4469796526653768238,Nupur,PCMB ‚ù§Ô∏è LOVER'S 11th...,1512896395
Omprakashkumawat,730103510,6517122090664078682,Om Prakash Kumawat,PCMB ‚ù§Ô∏è LOVER'S 11th...,1512896395
Aayushi_girl,1707695888,8557525698011984074,''PRIYANSHI'',PCMB ‚ù§Ô∏è LOVER'S 11th...,1512896395
pxq000,90093730,1253835271137580503,üíõ,PCMB ‚ù§Ô∏è LOVER'S 11th...,1512896395
happyjanamashatmi,111359358,-4747270678227320594,Mukund Pandey,PCMB ‚ù§Ô∏è LOVER'S 11th...,1512896395
,456459148,-6041210479301367829,Pradeep Kumar,PCMB ‚ù§Ô∏è LOVER'S 11th...,1512896395
Pandey8950,589754533,-7094294204090801924,mukesh Mishra,PCMB ‚ù§Ô∏è LOVER'S 11th...,1512896395
ProtectronBot,696267355,-4153694590920559300,Protectron,PCMB ‚ù§Ô∏è LOVER'S 11th...,1512896395
khushisimmi,1110902147,-5657515856187001077,Khushi Priyadz,PCMB ‚ù§Ô∏è LOVER'S 11th...,1512896395
,2121884768,-4469653204969197324,Pankaj Das,PCMB ‚ù§Ô∏è LOVER'S 11th...,1512896395
divya_9955,2042224155,6955171529899262173,DIVYA GUPTA #MEAN PEOPLES,PCMB ‚ù§Ô∏è LOVER'S 11th...,1512896395
,2128450404,-2534211736465501253,Priyanka,PCMB ‚ù§Ô∏è LOVER'S 11th...,1512896395
Brijkeshwar2012,41557579,-7528712723441338022,B.K. Prajapati,PCMB ‚ù§Ô∏è LOVER'S 11th...,1512896395
,1087358206,3202450054718999847,ARYAMA PANDEY,PCMB ‚ù§Ô∏è LOVER'S 11th...,1512896395
Dhepu10,1132337744,-3313242260046361922,Priyanka K.M,PCMB ‚ù§Ô∏è LOVER'S 11th...,1512896395
,1304179272,-5473261557797301692,MOHIT PATHAK,PCMB ‚ù§Ô∏è LOVER'S 11th...,1512896395
DrPreetitiwari,407102285,-6347788083191781801,Dr. Preeti,PCMB ‚ù§Ô∏è LOVER'S 11th...,1512896395
,747369361,-7981713026792872624,Mayur Pathe,PCMB ‚ù§Ô∏è LOVER'S 11th...,1512896395
Bp7774,706500153,-8322708503799494578,Bhupendra Patil,PCMB ‚ù§Ô∏è LOVER'S 11th...,1512896395
biswa_papun12,944326630,-1087719698570287550,Biswa Bhusan Dash,PCMB ‚ù§Ô∏è LOVER'S 11th...,1512896395
,979583979,-1075984834997755613,Nikhil Patil,PCMB ‚ù§Ô∏è LOVER'S 11th...,1512896395
,982962065,2870880767229685505,Akash Pradhan,PCMB ‚ù§Ô∏è LOVER'S 11th...,1512896395
,1808924346,6395006439802561945,Purvi,PCMB ‚ù§Ô∏è LOVER'S 11th...,1512896395
priyanu6299,1211709635,7429670963737968482,anurag,PCMB ‚ù§Ô∏è LOVER'S 11th...,1512896395
paharipratyush,728190801,5967898773170508214,PRATYUSH PAHARI,PCMB ‚ù§Ô∏è LOVER'S 11th...,1512896395
pihu299,801393006,5122724340504755467,Pranjal Pruseth,PCMB ‚ù§Ô∏è LOVER'S 11th...,1512896395
Aryanotaku,801225828,4620640556652760450,otaku Ar,PCMB ‚ù§Ô∏è LOVER'S 11th...,1512896395
,770233674,-6401680705823189053,Abhi Ojha,PCMB ‚ù§Ô∏è LOVER'S 11th...,1512896395
,1116659400,5086918932074034919,Farhan Omar,PCMB ‚ù§Ô∏è LOVER'S 11th...,1512896395
,802734180,-364295456464567699,Ooookk,PCMB ‚ù§Ô∏è LOVER'S 11th...,1512896395
oy_nafiss,866017687,-3328796646501329848,Nafis Farooqui,PCMB ‚ù§Ô∏è LOVER'S 11th...,1512896395
MohamedOlim,819509,5896249393335010440,Moha Olim,PCMB ‚ù§Ô∏è LOVER'S 11th...,1512896395
,917085301,-5014299505655228280,nikki Gupta,PCMB ‚ù§Ô∏è LOVER'S 11th...,1512896395
NIKULDEORA1195,2004100075,3018954741586800489,Nikul Deora,PCMB ‚ù§Ô∏è LOVER'S 11th...,1512896395
Neeleshverm,1220215724,-6006847657149712342,Nilesh Kori,PCMB ‚ù§Ô∏è LOVER'S 11th...,1512896395
Nhatox19,348350236,2892555229723646301,Nataw üëë F üë∏,PCMB ‚ù§Ô∏è LOVER'S 11th...,1512896395
NJesin,478691736,-8288720546880180343,Narendra Kumar ‡§Ö‡§≠‡§ø‡§®‡•á‡§§‡§æ ( ‡§´‡§ø‡§≤‡•ç‡§Æ ‡§è‡§Ç‡§µ ‡§∞‡§Ç‡§ó‡§Æ‡§Ç‡§ö ),PCMB ‚ù§Ô∏è LOVER'S 11th...,1512896395
Cute_boy_gourav,1628564379,-1682773570566505414,Maa ka ladla ü§ó‚ò∫Ô∏è‚ù§Ô∏è‚ù§Ô∏èüòá Naandan baalak,PCMB ‚ù§Ô∏è LOVER'S 11th...,1512896395
,1003198232,-6726412101195842478,Neeraj Badjatiya,PCMB ‚ù§Ô∏è LOVER'S 11th...,1512896395
,3338347,199854747328600888,Muhammad Ashraf Noori,PCMB ‚ù§Ô∏è LOVER'S 11th...,1512896395
,87489584,233875007693983350,Naba Alansary,PCMB ‚ù§Ô∏è LOVER'S 11th...,1512896395
,914357076,-5259661252141211217,Nikhil chaudhary,PCMB ‚ù§Ô∏è LOVER'S 11th...,1512896395
,813311491,989807518574982394,Nihhhhaal,PCMB ‚ù§Ô∏è LOVER'S 11th...,1512896395
nhJkki8867,727625406,-8164137875585194070,Jj,PCMB ‚ù§Ô∏è LOVER'S 11th...,1512896395
nikitadandeva0210,1387698510,-6978439120289120967,‚ù•Ô∏éN…™·¥ã…™·¥õ·¥Ä D·¥Ä…¥·¥Ö·¥á·¥†·¥Ä‚ö°√óÕú√ó,PCMB ‚ù§Ô∏è LOVER'S 11th...,1512896395
Kirannagpal,857783181,194863913737593192,Kiran Nagpal,PCMB ‚ù§Ô∏è LOVER'S 11th...,1512896395
,745751608,2466912828240702419,Nilesh Muley,PCMB ‚ù§Ô∏è LOVER'S 11th...,1512896395
Mahesh_Beniwal_Jaat,1360922056,-7775815796630573464,Mahesh Beniwal,PCMB ‚ù§Ô∏è LOVER'S 11th...,1512896395
,1990769758,7018420340973952723,√óÕú√ó‚úûM√Ç≈á≈™‚úû√óÕú√óüÖúüÖêüÖìüÖóüÖ§‚úû√óÕú√ó √óÕú√ó‚úûM√Ç≈á≈™‚úû√óÕú√óüÖúüÖêüÖìüÖóüÖ§‚úû√óÕú√ó,PCMB ‚ù§Ô∏è LOVER'S 11th...,1512896395
,2003249629,-5243050982289517730,Mr Miraz (Miru),PCMB ‚ù§Ô∏è LOVER'S 11th...,1512896395
,875710641,6252289490464089218,ùî∏ùîªùïÄùïãùïêùî∏ Mishra,PCMB ‚ù§Ô∏è LOVER'S 11th...,1512896395
Mattyj808,201947398,3017545642325271589,Matt,PCMB ‚ù§Ô∏è LOVER'S 11th...,1512896395
,257613713,-7747476567361626240,Lakhan Makwana,PCMB ‚ù§Ô∏è LOVER'S 11th...,1512896395
,1816358271,-4484823880512804007,Manish Meena,PCMB ‚ù§Ô∏è LOVER'S 11th...,1512896395
,781831131,-3427947676715139307,Divya Mishra,PCMB ‚ù§Ô∏è LOVER'S 11th...,1512896395
,870695220,-6644266869566964545,Muskan Jha,PCMB ‚ù§Ô∏è LOVER'S 11th...,1512896395
Mr_beast03,971456284,-7472323060731192691,‰∏Ç—í‡∏ô·è∞—í‡∏™Áà™_00002600466,PCMB ‚ù§Ô∏è LOVER'S 11th...,1512896395
CTCAT,29240889,-7619791091148389545,M,PCMB ‚ù§Ô∏è LOVER'S 11th...,1512896395
Madhavan_Ma,77650844,2824027171648216464,Madhavan M,PCMB ‚ù§Ô∏è LOVER'S 11th...,1512896395
,87972906,-676163057162443970,George Masinjila,PCMB ‚ù§Ô∏è LOVER'S 11th...,1512896395
mortorate,728623687,-2096624561005017691,alone,PCMB ‚ù§Ô∏è LOVER'S 11th...,1512896395
MrChittuu,697304600,4813484048392291717,Chintan Gadhvi,PCMB ‚ù§Ô∏è LOVER'S 11th...,1512896395
Majid_k_maji,356078409,-8572785790667815971,Doc @24,PCMB ‚ù§Ô∏è LOVER'S 11th...,1512896395
,1693137163,-4439821778264091958,Anas Mushrraf,PCMB ‚ù§Ô∏è LOVER'S 11th...,1512896395
,665496274,112048282218602534,mr Kumar,PCMB ‚ù§Ô∏è LOVER'S 11th...,1512896395
,984739963,-7878535395909480228,Mk,PCMB ‚ù§Ô∏è LOVER'S 11th...,1512896395
,630388044,5159774960408886774,MOHAMMED ASIF,PCMB ‚ù§Ô∏è LOVER'S 11th...,1512896395
,723216675,-2542686849644897483,‡¶∏‡¶û‡ßç‡¶ö‡¶ø‡¶§‡¶æ Mahato,PCMB ‚ù§Ô∏è LOVER'S 11th...,1512896395
,826318907,5642669144297464348,Muskan Choudhary,PCMB ‚ù§Ô∏è LOVER'S 11th...,1512896395
,957005931,2734726978737202581,Mayank,PCMB ‚ù§Ô∏è LOVER'S 11th...,1512896395
magnificent_ayush,984408366,-8842723878010345099,~#Magnificent_Ayush,PCMB ‚ù§Ô∏è LOVER'S 11th...,1512896395
,2139639024,6847864242653394848,ñ£îÍ†ãÍ†ãÍ†ãÍ†ãÍ†ãÍ†ãÍ†ãÍ†ãÍ†ãÍ†ãÍ†ãÍ†ãÍ†ãÍ†ãÍ†ãÍ†ãÍ†ãÍ†ãÍ†ãÍ†ãÍ†ãÍ†ãÍ†ãÍ†ãÍ†ãÍ†ãÍ†ãÍ†ãÍ†ãÍ†ãÍ†ãÍ†ãÍ†ãÍ†ãÍ†ãÍ†ãÍ†ãÍ†ãÍ†ãÍ†ãÍ†ãÍ†ãÍ†ãÍ†ã ‚ú™ üëøDevilüëø Baadshah lŸÄ‡πãÕ°‡£ß‡£ß‡£ß‡£ß‡£ß‡£ß‡£ß‡£ß‡£ß‡£ß‡£ß‡£©‡£©‡£©‡£©‡£©‡£©‡£©‡£©‡£©‡£©‡£©‡£©‡£©‡£©‡£©‡£©‡£©‡£©‡£©‡£©‡£©‡£©Ÿè‡£ß‡£ß‡£ßŸÄ‡πãÕ°‡£ß‡£ß‡£ß‡£ß‡£ß‡£ß,PCMB ‚ù§Ô∏è LOVER'S 11th...,1512896395
LeVincenzo,1446532963,8790640657778239451,L√πvk√™sh,PCMB ‚ù§Ô∏è LOVER'S 11th...,1512896395
,1740319590,-5323947491830562886,Kanhaiya Lal Gupta,PCMB ‚ù§Ô∏è LOVER'S 11th...,1512896395
,840644236,1308010287257520390,Lucky Kumar,PCMB ‚ù§Ô∏è LOVER'S 11th...,1512896395
,764059282,727329566785168476,Chirag lulla,PCMB ‚ù§Ô∏è LOVER'S 11th...,1512896395
Divyanshu_Keshri,1993267729,-5724353198651101785,‚ô°‚òÜ ùóóùó∂ùòÉùòÜùóÆ ùóûùóÆ ùóîùóªùòÄùóµùòÇ ‚òÜ‚ô°,PCMB ‚ù§Ô∏è LOVER'S 11th...,1512896395
deadsoul58,1886114842,-6360691962599645371,Divyansha Karn,PCMB ‚ù§Ô∏è LOVER'S 11th...,1512896395
,1397690735,7539795284213059598,Kittu,PCMB ‚ù§Ô∏è LOVER'S 11th...,1512896395
,1684245689,-8032916488787211955,Khushi Chaudhary,PCMB ‚ù§Ô∏è LOVER'S 11th...,1512896395
Kp697,1040301322,484042292098809194,Ishani,PCMB ‚ù§Ô∏è LOVER'S 11th...,1512896395
chaurasiyao,1918182512,8883027990049844624,#üñ§üñ§ChƒÉ≈Ø≈ô√¶¬ßƒØ√Ω√§üñ§ƒ∑√Æ≈àƒüüñ§üñ§#,PCMB ‚ù§Ô∏è LOVER'S 11th...,1512896395
,2096831222,-7120307894640685516,Kl ‰πàRahul ‡πõ,PCMB ‚ù§Ô∏è LOVER'S 11th...,1512896395
Aish_15910,1658225741,-5546552951901409253,Ash Kail,PCMB ‚ù§Ô∏è LOVER'S 11th...,1512896395
Krishhhh_000,1861972613,-3465706059902227144,Krish,PCMB ‚ù§Ô∏è LOVER'S 11th...,1512896395
KampongFx,5532818,862826679154154890,Epoy,PCMB ‚ù§Ô∏è LOVER'S 11th...,1512896395
,52829114,3907030476580222921,BEERAPPA KADAGANCHI,PCMB ‚ù§Ô∏è LOVER'S 11th...,1512896395
,305651967,-3302237151932844957,Kaushik,PCMB ‚ù§Ô∏è LOVER'S 11th...,1512896395
Kalcj,373439408,-3016770941919121051,Kalkidan Kebede,PCMB ‚ù§Ô∏è LOVER'S 11th...,1512896395
kshitijkhanka,665188049,5269272428145618868,Kshitij Khanka,PCMB ‚ù§Ô∏è LOVER'S 11th...,1512896395
,756461153,5542776257302729260,Komal,PCMB ‚ù§Ô∏è LOVER'S 11th...,1512896395
Kaustubh_Kumar43,1112160194,-6702235013946329899,Kaustubh Kumar,PCMB ‚ù§Ô∏è LOVER'S 11th...,1512896395
,547934675,875264582789142186,Jugal Kishor Bhatria,PCMB ‚ù§Ô∏è LOVER'S 11th...,1512896395
,727597549,-4862625959579957586,Fardin Khan,PCMB ‚ù§Ô∏è LOVER'S 11th...,1512896395
,795151150,-6922726695976016561,AKBAR KHAN,PCMB ‚ù§Ô∏è LOVER'S 11th...,1512896395
,715966871,-5111938769373798203,khushi gudia,PCMB ‚ù§Ô∏è LOVER'S 11th...,1512896395
,550065268,4996343849248538009,KL,PCMB ‚ù§Ô∏è LOVER'S 11th...,1512896395
,690904176,3151720714586943645,Krushna Baviskar,PCMB ‚ù§Ô∏è LOVER'S 11th...,1512896395
kritgun,732664385,7181271775639609005,Kritgun,PCMB ‚ù§Ô∏è LOVER'S 11th...,1512896395
,838831004,1167505322605148160,Kingsman,PCMB ‚ù§Ô∏è LOVER'S 11th...,1512896395
,771579638,-307484133088992342,A. K,PCMB ‚ù§Ô∏è LOVER'S 11th...,1512896395
khan_inzu811,1320307293,-2860274029375114287,Inzamam Khan,PCMB ‚ù§Ô∏è LOVER'S 11th...,1512896395
Kartikgautam1323,921252304,8019034701981629499,Kartik Gautam,PCMB ‚ù§Ô∏è LOVER'S 11th...,1512896395
,209179242,6767023978260497990,Dinesh Jha,PCMB ‚ù§Ô∏è LOVER'S 11th...,1512896395
,576599037,-6979571485667083588,Afasal Jho,PCMB ‚ù§Ô∏è LOVER'S 11th...,1512896395
Jack_boltee,1482971155,2451942007712055627,Jack üåà,PCMB ‚ù§Ô∏è LOVER'S 11th...,1512896395
,1602525349,-8455677626048352888,Aleksandr Janyyev,PCMB ‚ù§Ô∏è LOVER'S 11th...,1512896395
,769918235,1358366506929591296,Aditya Jha,PCMB ‚ù§Ô∏è LOVER'S 11th...,1512896395
,710012578,8686227254140051227,Divya Jadhav,PCMB ‚ù§Ô∏è LOVER'S 11th...,1512896395
,817801368,7131921637713617186,Ganesh Jadhav,PCMB ‚ù§Ô∏è LOVER'S 11th...,1512896395
hansha_3783,1780203663,-679770095632292459,Hansha Jaiswal,PCMB ‚ù§Ô∏è LOVER'S 11th...,1512896395
CSR_IAS,1832639853,1597789574320626451,·¥ÑÍú± Ä,PCMB ‚ù§Ô∏è LOVER'S 11th...,1512896395
Ishaannn_20,700607416,-1130135996012798152,…™Íú± ú·¥Ä·¥Ä…¥ …¢·¥ú·¥©·¥õ·¥Ä,PCMB ‚ù§Ô∏è LOVER'S 11th...,1512896395
,1015766717,-8474027827893125554,Ishika Bhagat,PCMB ‚ù§Ô∏è LOVER'S 11th...,1512896395
Dipu264,794084094,-6545092728974861060,Injamul Hoque,PCMB ‚ù§Ô∏è LOVER'S 11th...,1512896395
Azadenrique,319283431,-6899138441804199095,Azad Hindu,PCMB ‚ù§Ô∏è LOVER'S 11th...,1512896395
header860,13018038,-5267936006393304504,üòä @@,PCMB ‚ù§Ô∏è LOVER'S 11th...,1512896395
hamir1106,58882843,4319691061510172466,Dr Farmer,PCMB ‚ù§Ô∏è LOVER'S 11th...,1512896395
hashme313,89626444,1512435470002556772,‡ºí·éª·µÉÀ¢À¢·µÉ·∂∞ìÖü,PCMB ‚ù§Ô∏è LOVER'S 11th...,1512896395
,1302682536,-5869240730514590672,heart hacker,PCMB ‚ù§Ô∏è LOVER'S 11th...,1512896395
harshgill022,690141899,-5740699945634781253,Harsh Gill,PCMB ‚ù§Ô∏è LOVER'S 11th...,1512896395
heynikhil,754967149,6858000004325983258,¬∞,PCMB ‚ù§Ô∏è LOVER'S 11th...,1512896395
,776140027,-1755690275965164401,Hiteshi,PCMB ‚ù§Ô∏è LOVER'S 11th...,1512896395
Harry359,1144550785,8997852693502810050,Hari Darshan,PCMB ‚ù§Ô∏è LOVER'S 11th...,1512896395
,926448415,5158609366840800361,Gungun,PCMB ‚ù§Ô∏è LOVER'S 11th...,1512896395
,1724497039,2084614379082147664,Anjali GAUTAM,PCMB ‚ù§Ô∏è LOVER'S 11th...,1512896395
arpitgarg9,1075869273,5118318538389729597,Arpit Garg,PCMB ‚ù§Ô∏è LOVER'S 11th...,1512896395
DWAIPAYANUNQ,887444646,-8302417592477903624,DWAIPAYAN GHOSH,PCMB ‚ù§Ô∏è LOVER'S 11th...,1512896395
,1916184136,1339717148717753585,Cute_girl_Ak,PCMB ‚ù§Ô∏è LOVER'S 11th...,1512896395
,1522488545,-223349656334577466,Gagan Gaur,PCMB ‚ù§Ô∏è LOVER'S 11th...,1512896395
,1386884179,-5532741382152605659,FARADAY : ),PCMB ‚ù§Ô∏è LOVER'S 11th...,1512896395
,4812073,7501788528160413795,FBFASHION,PCMB ‚ù§Ô∏è LOVER'S 11th...,1512896395
,499692794,2771404553916237777,Dhruv,PCMB ‚ù§Ô∏è LOVER'S 11th...,1512896395
,898656888,4023042849317390221,BINOD BIKASH DUBEY,PCMB ‚ù§Ô∏è LOVER'S 11th...,1512896395
Divya1551,1833274145,-5275419253963080582,üá© üáÆ üáª üáæ üá¶ üá∏ üáÆ üá≥ üá¨ üá≠,PCMB ‚ù§Ô∏è LOVER'S 11th...,1512896395
,1824160663,6422998544493935711,Deepanshu Bijalwan,PCMB ‚ù§Ô∏è LOVER'S 11th...,1512896395
combot,210944655,5399169979316552707,Combot,PCMB ‚ù§Ô∏è LOVER'S 11th...,1512896395
,1324991551,-8595446292252424527,Coolest Bad Boi,PCMB ‚ù§Ô∏è LOVER'S 11th...,1512896395
,680609105,8431674188529041223,Charu Agrawal,PCMB ‚ù§Ô∏è LOVER'S 11th...,1512896395
BigManul,414264152,2969127318777646018,–ú–∞–Ω—É–ª,PCMB ‚ù§Ô∏è LOVER'S 11th...,1512896395
,454936144,-4048863555755074817,Ashim Barua,PCMB ‚ù§Ô∏è LOVER'S 11th...,1512896395
aharnishbagchi,1890537875,-8752322170758679228,Aharnish Bagchi,PCMB ‚ù§Ô∏è LOVER'S 11th...,1512896395
Biswajit_001,1840542236,2715724860461855304,Biswajit,PCMB ‚ù§Ô∏è LOVER'S 11th...,1512896395
,1041447246,-2344912918775852833,AnUsHa:(,PCMB ‚ù§Ô∏è LOVER'S 11th...,1512896395
ashishdz0912,1472259994,5235920042437188754,Ashish Artist,PCMB ‚ù§Ô∏è LOVER'S 11th...,1512896395
,1870145664,-1073184757390196209,Arunima,PCMB ‚ù§Ô∏è LOVER'S 11th...,1512896395
,2085432530,-508627525342065456,Aaru,PCMB ‚ù§Ô∏è LOVER'S 11th...,1512896395
anshi_aggrwal,536851157,-2410816066555433888,√Ç√±≈üh√Ø üíù,PCMB ‚ù§Ô∏è LOVER'S 11th...,1512896395
,1075114869,-1998380081412430629,Amartya,PCMB ‚ù§Ô∏è LOVER'S 11th...,1512896395
,1149996272,9104610988971293262,Amit,PCMB ‚ù§Ô∏è LOVER'S 11th...,1512896395
aqwa_azhari,66700433,-5611926521215988242,aqwa azhari,PCMB ‚ù§Ô∏è LOVER'S 11th...,1512896395
,818939385,-3354043043639277546,Amy,PCMB ‚ù§Ô∏è LOVER'S 11th...,1512896395
,98763156,4488537612469876754,Ainur Asyikin,PCMB ‚ù§Ô∏è LOVER'S 11th...,1512896395
Armaan_2807,776084174,-1164618496021974032,Armaan,PCMB ‚ù§Ô∏è LOVER'S 11th...,1512896395
Aryann0501,815108415,-8418524766808171349,ŸÖÿ≠ŸÖÿØ ⁄©€åŸÅ,PCMB ‚ù§Ô∏è LOVER'S 11th...,1512896395
,557260090,-8848237113631837469,Aishu Aishu,PCMB ‚ù§Ô∏è LOVER'S 11th...,1512896395
Arpita_238,1946157267,8857520999998302247,Arpita,PCMB ‚ù§Ô∏è LOVER'S 11th...,1512896395
Abhanshu_A,1867714540,-6974498848988804119,Abhanshu,PCMB ‚ù§Ô∏è LOVER'S 11th...,1512896395
Arsshad,696333882,3496624640936802394,Arshad Ali,PCMB ‚ù§Ô∏è LOVER'S 11th...,1512896395
Ashutosh2401,734165109,-8475984217269469557,Ashutosh,PCMB ‚ù§Ô∏è LOVER'S 11th...,1512896395
,975154206,-6573103173457958191,Akshat Atulay,PCMB ‚ù§Ô∏è LOVER'S 11th...,1512896395
Ambig1804,1261926698,1181457265927742239,Ambig,PCMB ‚ù§Ô∏è LOVER'S 11th...,1512896395
